{"cameraMode":{"drawMode":0,"name":"Shaded","section":"Shading Mode"},"sceneLighting":false,"audioPlay":false,"sceneViewState":{"showFog":true,"showMaterialUpdate":false,"showSkybox":true,"showFlares":true,"showImageEffects":true,"showParticleSystems":true},"in2DMode":false,"pivot":{"x":1.3056082725524903,"y":5.056883335113525,"z":2.9838342666625978},"rotation":{"x":-0.1978158950805664,"y":-0.17681753635406495,"z":0.03630288317799568,"w":-0.963476300239563},"size":18.13865089416504,"orthographic":false}