{"cameraMode":{"drawMode":0,"name":"Shaded","section":"Shading Mode"},"sceneLighting":false,"audioPlay":false,"sceneViewState":{"showFog":true,"showMaterialUpdate":false,"showSkybox":true,"showFlares":true,"showImageEffects":true,"showParticleSystems":true},"in2DMode":false,"pivot":{"x":0.0,"y":16.26000213623047,"z":-0.0000014901161193847657},"rotation":{"x":-0.3987976610660553,"y":-0.3418281078338623,"z":0.16322875022888184,"w":-0.8351469039916992},"size":43.718753814697269,"orthographic":false}