{"cameraMode":{"drawMode":0,"name":"Shaded","section":"Shading Mode"},"sceneLighting":false,"audioPlay":false,"sceneViewState":{"showFog":true,"showMaterialUpdate":false,"showSkybox":true,"showFlares":true,"showImageEffects":true,"showParticleSystems":true},"in2DMode":false,"pivot":{"x":1.7786030769348145,"y":-0.7461124658584595,"z":5.152038097381592},"rotation":{"x":-0.1463986039161682,"y":-0.031155535951256753,"z":0.004612901248037815,"w":-0.9887241721153259},"size":18.22769546508789,"orthographic":false}