{"cameraMode":{"drawMode":0,"name":"Shaded","section":"Shading Mode"},"sceneLighting":false,"audioPlay":false,"sceneViewState":{"showFog":true,"showMaterialUpdate":false,"showSkybox":true,"showFlares":true,"showImageEffects":true,"showParticleSystems":true},"in2DMode":false,"pivot":{"x":0.07729834318161011,"y":2.5893590450286867,"z":-0.17046165466308595},"rotation":{"x":0.04498476907610893,"y":-0.0014984810259193183,"z":-0.00006747720908606425,"w":-0.998986542224884},"size":17.672325134277345,"orthographic":false}