{"cameraMode":{"drawMode":0,"name":"Shaded","section":"Shading Mode"},"sceneLighting":false,"audioPlay":false,"sceneViewState":{"showFog":true,"showMaterialUpdate":false,"showSkybox":true,"showFlares":true,"showImageEffects":true,"showParticleSystems":true},"in2DMode":false,"pivot":{"x":-0.5586051940917969,"y":2.526146173477173,"z":-0.5038337707519531},"rotation":{"x":0.15042433142662049,"y":0.5947986245155335,"z":-0.11451438069343567,"w":0.7813281416893005},"size":5.6212158203125,"orthographic":false}