{"cameraMode":{"drawMode":0,"name":"Shaded","section":"Shading Mode"},"sceneLighting":false,"audioPlay":false,"sceneViewState":{"showFog":true,"showMaterialUpdate":false,"showSkybox":true,"showFlares":true,"showImageEffects":true,"showParticleSystems":true},"in2DMode":false,"pivot":{"x":0.000010193471098318696,"y":-0.000007834099960746244,"z":-0.0000047390349209308628},"rotation":{"x":-0.21677157282829286,"y":-0.12988169491291047,"z":0.02911202423274517,"w":-0.9671056866645813},"size":11.624129295349121,"orthographic":false}