{"cameraMode":{"drawMode":0,"name":"Shaded","section":"Shading Mode"},"sceneLighting":false,"audioPlay":false,"sceneViewState":{"showFog":true,"showMaterialUpdate":false,"showSkybox":true,"showFlares":true,"showImageEffects":true,"showParticleSystems":true},"in2DMode":false,"pivot":{"x":0.0,"y":1.3435128927230836,"z":-0.0738823413848877},"rotation":{"x":-0.020351620391011239,"y":0.8362663984298706,"z":0.031110208481550218,"w":0.5470617413520813},"size":6.395151138305664,"orthographic":false}