{"cameraMode":{"drawMode":0,"name":"Shaded","section":"Shading Mode"},"sceneLighting":false,"audioPlay":false,"sceneViewState":{"showFog":true,"showMaterialUpdate":false,"showSkybox":true,"showFlares":true,"showImageEffects":true,"showParticleSystems":true},"in2DMode":false,"pivot":{"x":30.68446159362793,"y":7.666613578796387,"z":16.699962615966798},"rotation":{"x":0.0997086837887764,"y":0.7421151399612427,"z":-0.11330553144216538,"w":0.6530584096908569},"size":22.0,"orthographic":false}