{"cameraMode":{"drawMode":0,"name":"Shaded","section":"Shading Mode"},"sceneLighting":false,"audioPlay":false,"sceneViewState":{"showFog":true,"showMaterialUpdate":false,"showSkybox":true,"showFlares":true,"showImageEffects":true,"showParticleSystems":true},"in2DMode":false,"pivot":{"x":0.6898641586303711,"y":5.50666618347168,"z":-7.763317108154297},"rotation":{"x":-0.3551431894302368,"y":-0.162848562002182,"z":0.06297541409730911,"w":-0.918361485004425},"size":43.718753814697269,"orthographic":false}