{"cameraMode":{"drawMode":0,"name":"Shaded","section":"Shading Mode"},"sceneLighting":false,"audioPlay":false,"sceneViewState":{"showFog":true,"showMaterialUpdate":false,"showSkybox":true,"showFlares":true,"showImageEffects":true,"showParticleSystems":true},"in2DMode":false,"pivot":{"x":-985.4105224609375,"y":-1012.5341796875,"z":-0.6326103210449219},"rotation":{"x":0.22514164447784425,"y":-0.6651698350906372,"z":0.2213132530450821,"w":0.6766689419746399},"size":2739.32470703125,"orthographic":false}