{"cameraMode":{"drawMode":0,"name":"Shaded","section":"Shading Mode"},"sceneLighting":false,"audioPlay":false,"sceneViewState":{"showFog":true,"showMaterialUpdate":false,"showSkybox":true,"showFlares":true,"showImageEffects":true,"showParticleSystems":true},"in2DMode":false,"pivot":{"x":0.0,"y":12.500001907348633,"z":-0.0000014901161193847657},"rotation":{"x":-0.21677157282829286,"y":-0.12988169491291047,"z":0.02911202423274517,"w":-0.9671056866645813},"size":43.718753814697269,"orthographic":false}