{"cameraMode":{"drawMode":0,"name":"Shaded","section":"Shading Mode"},"sceneLighting":false,"audioPlay":false,"sceneViewState":{"showFog":true,"showMaterialUpdate":false,"showSkybox":true,"showFlares":true,"showImageEffects":true,"showParticleSystems":true},"in2DMode":false,"pivot":{"x":-0.02168905735015869,"y":1.558668851852417,"z":-0.4090309739112854},"rotation":{"x":0.07738348096609116,"y":0.698722779750824,"z":-0.07646939903497696,"w":0.7070720195770264},"size":4.204591751098633,"orthographic":false}